KK Dinamo - Marsonia;2026-08-30;
Rezultat;3;0

Broj;Igrač;Četvrtine;PTS;2P pog;2P šut;3P pog;3P šut;SB pog;SB šut;FG%;OR;DR;REB;AST;STL;BLK;TO;PF;+/-;EFF
3;Take Donald;1;3;0;0;1;1;0;0;100,0;0;0;0;0;0;0;0;0;3;3
7;Karlo Križanac;1;0;0;0;0;0;0;0;;0;0;0;0;0;0;0;0;3;0
4;Mateo Vidović;1;0;0;0;0;0;0;0;;0;0;0;0;0;0;0;0;3;0
5;Hrvoje Garafolić;1;0;0;0;0;0;0;0;;0;0;0;0;0;0;0;0;3;0
9;Emil Savić;1;0;0;0;0;0;0;0;;0;0;0;0;0;0;0;0;3;0
8;Matej Miholić;0;0;0;0;0;0;0;0;;0;0;0;0;0;0;0;0;0;0
99;Kasni Igrač;0;0;0;0;0;0;0;0;;0;0;0;0;0;0;0;0;0;0
;UKUPNO;;3;0;0;1;1;0;0;100,0;0;0;0;0;0;0;0;0;;3